original_id,name,class,tree,tree_position,data_status,implementation_status,tests
amazon.jab,Jab,amazon,javelin_and_spear,1,historical_revalidation_required,not_implemented,manifest_audit
amazon.power_strike,Power Strike,amazon,javelin_and_spear,2,historical_revalidation_required,not_implemented,manifest_audit
amazon.poison_javelin,Poison Javelin,amazon,javelin_and_spear,3,historical_revalidation_required,not_implemented,manifest_audit
amazon.impale,Impale,amazon,javelin_and_spear,4,historical_revalidation_required,not_implemented,manifest_audit
amazon.lightning_bolt,Lightning Bolt,amazon,javelin_and_spear,5,historical_revalidation_required,not_implemented,manifest_audit
amazon.charged_strike,Charged Strike,amazon,javelin_and_spear,6,historical_revalidation_required,not_implemented,manifest_audit
amazon.plague_javelin,Plague Javelin,amazon,javelin_and_spear,7,historical_revalidation_required,not_implemented,manifest_audit
amazon.fend,Fend,amazon,javelin_and_spear,8,historical_revalidation_required,not_implemented,manifest_audit
amazon.lightning_strike,Lightning Strike,amazon,javelin_and_spear,9,historical_revalidation_required,not_implemented,manifest_audit
amazon.lightning_fury,Lightning Fury,amazon,javelin_and_spear,10,historical_revalidation_required,not_implemented,manifest_audit
amazon.inner_sight,Inner Sight,amazon,passive_and_magic,1,historical_revalidation_required,not_implemented,manifest_audit
amazon.critical_strike,Critical Strike,amazon,passive_and_magic,2,historical_revalidation_required,not_implemented,manifest_audit
amazon.dodge,Dodge,amazon,passive_and_magic,3,historical_revalidation_required,not_implemented,manifest_audit
amazon.slow_missiles,Slow Missiles,amazon,passive_and_magic,4,historical_revalidation_required,not_implemented,manifest_audit
amazon.avoid,Avoid,amazon,passive_and_magic,5,historical_revalidation_required,not_implemented,manifest_audit
amazon.penetrate,Penetrate,amazon,passive_and_magic,6,historical_revalidation_required,not_implemented,manifest_audit
amazon.decoy,Decoy,amazon,passive_and_magic,7,historical_revalidation_required,not_implemented,manifest_audit
amazon.evade,Evade,amazon,passive_and_magic,8,historical_revalidation_required,not_implemented,manifest_audit
amazon.valkyrie,Valkyrie,amazon,passive_and_magic,9,historical_revalidation_required,not_implemented,manifest_audit
amazon.pierce,Pierce,amazon,passive_and_magic,10,historical_revalidation_required,not_implemented,manifest_audit
amazon.magic_arrow,Magic Arrow,amazon,bow_and_crossbow,1,historical_revalidation_required,not_implemented,manifest_audit
amazon.fire_arrow,Fire Arrow,amazon,bow_and_crossbow,2,historical_revalidation_required,not_implemented,manifest_audit
amazon.cold_arrow,Cold Arrow,amazon,bow_and_crossbow,3,historical_revalidation_required,not_implemented,manifest_audit
amazon.multiple_shot,Multiple Shot,amazon,bow_and_crossbow,4,historical_revalidation_required,not_implemented,manifest_audit
amazon.exploding_arrow,Exploding Arrow,amazon,bow_and_crossbow,5,historical_revalidation_required,not_implemented,manifest_audit
amazon.ice_arrow,Ice Arrow,amazon,bow_and_crossbow,6,historical_revalidation_required,not_implemented,manifest_audit
amazon.guided_arrow,Guided Arrow,amazon,bow_and_crossbow,7,historical_revalidation_required,not_implemented,manifest_audit
amazon.strafe,Strafe,amazon,bow_and_crossbow,8,historical_revalidation_required,not_implemented,manifest_audit
amazon.immolation_arrow,Immolation Arrow,amazon,bow_and_crossbow,9,historical_revalidation_required,not_implemented,manifest_audit
amazon.freezing_arrow,Freezing Arrow,amazon,bow_and_crossbow,10,historical_revalidation_required,not_implemented,manifest_audit
assassin.tiger_strike,Tiger Strike,assassin,martial_arts,1,historical_revalidation_required,not_implemented,manifest_audit
assassin.dragon_talon,Dragon Talon,assassin,martial_arts,2,historical_revalidation_required,not_implemented,manifest_audit
assassin.fists_of_fire,Fists of Fire,assassin,martial_arts,3,historical_revalidation_required,not_implemented,manifest_audit
assassin.dragon_claw,Dragon Claw,assassin,martial_arts,4,historical_revalidation_required,not_implemented,manifest_audit
assassin.cobra_strike,Cobra Strike,assassin,martial_arts,5,historical_revalidation_required,not_implemented,manifest_audit
assassin.claws_of_thunder,Claws of Thunder,assassin,martial_arts,6,historical_revalidation_required,not_implemented,manifest_audit
assassin.dragon_tail,Dragon Tail,assassin,martial_arts,7,historical_revalidation_required,not_implemented,manifest_audit
assassin.blades_of_ice,Blades of Ice,assassin,martial_arts,8,historical_revalidation_required,not_implemented,manifest_audit
assassin.dragon_flight,Dragon Flight,assassin,martial_arts,9,historical_revalidation_required,not_implemented,manifest_audit
assassin.phoenix_strike,Phoenix Strike,assassin,martial_arts,10,historical_revalidation_required,not_implemented,manifest_audit
assassin.claw_mastery,Claw Mastery,assassin,shadow_disciplines,1,historical_revalidation_required,not_implemented,manifest_audit
assassin.psychic_hammer,Psychic Hammer,assassin,shadow_disciplines,2,historical_revalidation_required,not_implemented,manifest_audit
assassin.burst_of_speed,Burst of Speed,assassin,shadow_disciplines,3,historical_revalidation_required,not_implemented,manifest_audit
assassin.weapon_block,Weapon Block,assassin,shadow_disciplines,4,historical_revalidation_required,not_implemented,manifest_audit
assassin.cloak_of_shadows,Cloak of Shadows,assassin,shadow_disciplines,5,historical_revalidation_required,not_implemented,manifest_audit
assassin.fade,Fade,assassin,shadow_disciplines,6,historical_revalidation_required,not_implemented,manifest_audit
assassin.shadow_warrior,Shadow Warrior,assassin,shadow_disciplines,7,historical_revalidation_required,not_implemented,manifest_audit
assassin.mind_blast,Mind Blast,assassin,shadow_disciplines,8,historical_revalidation_required,not_implemented,manifest_audit
assassin.venom,Venom,assassin,shadow_disciplines,9,historical_revalidation_required,not_implemented,manifest_audit
assassin.shadow_master,Shadow Master,assassin,shadow_disciplines,10,historical_revalidation_required,not_implemented,manifest_audit
assassin.fire_blast,Fire Blast,assassin,traps,1,historical_revalidation_required,not_implemented,manifest_audit
assassin.shock_web,Shock Web,assassin,traps,2,historical_revalidation_required,not_implemented,manifest_audit
assassin.blade_sentinel,Blade Sentinel,assassin,traps,3,historical_revalidation_required,not_implemented,manifest_audit
assassin.charged_bolt_sentry,Charged Bolt Sentry,assassin,traps,4,historical_revalidation_required,not_implemented,manifest_audit
assassin.wake_of_fire,Wake of Fire,assassin,traps,5,historical_revalidation_required,not_implemented,manifest_audit
assassin.blade_fury,Blade Fury,assassin,traps,6,historical_revalidation_required,not_implemented,manifest_audit
assassin.lightning_sentry,Lightning Sentry,assassin,traps,7,historical_revalidation_required,not_implemented,manifest_audit
assassin.wake_of_inferno,Wake of Inferno,assassin,traps,8,historical_revalidation_required,not_implemented,manifest_audit
assassin.death_sentry,Death Sentry,assassin,traps,9,historical_revalidation_required,not_implemented,manifest_audit
assassin.blade_shield,Blade Shield,assassin,traps,10,historical_revalidation_required,not_implemented,manifest_audit
barbarian.bash,Bash,barbarian,combat_skills,1,historical_revalidation_required,not_implemented,manifest_audit
barbarian.leap,Leap,barbarian,combat_skills,2,historical_revalidation_required,not_implemented,manifest_audit
barbarian.double_swing,Double Swing,barbarian,combat_skills,3,historical_revalidation_required,not_implemented,manifest_audit
barbarian.stun,Stun,barbarian,combat_skills,4,historical_revalidation_required,not_implemented,manifest_audit
barbarian.double_throw,Double Throw,barbarian,combat_skills,5,historical_revalidation_required,not_implemented,manifest_audit
barbarian.leap_attack,Leap Attack,barbarian,combat_skills,6,historical_revalidation_required,not_implemented,manifest_audit
barbarian.concentrate,Concentrate,barbarian,combat_skills,7,historical_revalidation_required,not_implemented,manifest_audit
barbarian.frenzy,Frenzy,barbarian,combat_skills,8,historical_revalidation_required,not_implemented,manifest_audit
barbarian.whirlwind,Whirlwind,barbarian,combat_skills,9,historical_revalidation_required,not_implemented,manifest_audit
barbarian.berserk,Berserk,barbarian,combat_skills,10,historical_revalidation_required,not_implemented,manifest_audit
barbarian.sword_mastery,Sword Mastery,barbarian,combat_masteries,1,historical_revalidation_required,not_implemented,manifest_audit
barbarian.axe_mastery,Axe Mastery,barbarian,combat_masteries,2,historical_revalidation_required,not_implemented,manifest_audit
barbarian.mace_mastery,Mace Mastery,barbarian,combat_masteries,3,historical_revalidation_required,not_implemented,manifest_audit
barbarian.polearm_mastery,Polearm Mastery,barbarian,combat_masteries,4,historical_revalidation_required,not_implemented,manifest_audit
barbarian.throwing_mastery,Throwing Mastery,barbarian,combat_masteries,5,historical_revalidation_required,not_implemented,manifest_audit
barbarian.spear_mastery,Spear Mastery,barbarian,combat_masteries,6,historical_revalidation_required,not_implemented,manifest_audit
barbarian.increased_stamina,Increased Stamina,barbarian,combat_masteries,7,historical_revalidation_required,not_implemented,manifest_audit
barbarian.iron_skin,Iron Skin,barbarian,combat_masteries,8,historical_revalidation_required,not_implemented,manifest_audit
barbarian.increased_speed,Increased Speed,barbarian,combat_masteries,9,historical_revalidation_required,not_implemented,manifest_audit
barbarian.natural_resistance,Natural Resistance,barbarian,combat_masteries,10,historical_revalidation_required,not_implemented,manifest_audit
barbarian.howl,Howl,barbarian,warcries,1,historical_revalidation_required,not_implemented,manifest_audit
barbarian.find_potion,Find Potion,barbarian,warcries,2,historical_revalidation_required,not_implemented,manifest_audit
barbarian.taunt,Taunt,barbarian,warcries,3,historical_revalidation_required,not_implemented,manifest_audit
barbarian.shout,Shout,barbarian,warcries,4,historical_revalidation_required,not_implemented,manifest_audit
barbarian.find_item,Find Item,barbarian,warcries,5,historical_revalidation_required,not_implemented,manifest_audit
barbarian.battle_cry,Battle Cry,barbarian,warcries,6,historical_revalidation_required,not_implemented,manifest_audit
barbarian.battle_orders,Battle Orders,barbarian,warcries,7,historical_revalidation_required,not_implemented,manifest_audit
barbarian.grim_ward,Grim Ward,barbarian,warcries,8,historical_revalidation_required,not_implemented,manifest_audit
barbarian.war_cry,War Cry,barbarian,warcries,9,historical_revalidation_required,not_implemented,manifest_audit
barbarian.battle_command,Battle Command,barbarian,warcries,10,historical_revalidation_required,not_implemented,manifest_audit
druid.firestorm,Firestorm,druid,elemental,1,historical_revalidation_required,not_implemented,manifest_audit
druid.molten_boulder,Molten Boulder,druid,elemental,2,historical_revalidation_required,not_implemented,manifest_audit
druid.arctic_blast,Arctic Blast,druid,elemental,3,historical_revalidation_required,not_implemented,manifest_audit
druid.fissure,Fissure,druid,elemental,4,historical_revalidation_required,not_implemented,manifest_audit
druid.cyclone_armor,Cyclone Armor,druid,elemental,5,historical_revalidation_required,not_implemented,manifest_audit
druid.twister,Twister,druid,elemental,6,historical_revalidation_required,not_implemented,manifest_audit
druid.volcano,Volcano,druid,elemental,7,historical_revalidation_required,not_implemented,manifest_audit
druid.tornado,Tornado,druid,elemental,8,historical_revalidation_required,not_implemented,manifest_audit
druid.hurricane,Hurricane,druid,elemental,9,historical_revalidation_required,not_implemented,manifest_audit
druid.armageddon,Armageddon,druid,elemental,10,historical_revalidation_required,not_implemented,manifest_audit
druid.werewolf,Werewolf,druid,shape_shifting,1,historical_revalidation_required,not_implemented,manifest_audit
druid.lycanthropy,Lycanthropy,druid,shape_shifting,2,historical_revalidation_required,not_implemented,manifest_audit
druid.werebear,Werebear,druid,shape_shifting,3,historical_revalidation_required,not_implemented,manifest_audit
druid.feral_rage,Feral Rage,druid,shape_shifting,4,historical_revalidation_required,not_implemented,manifest_audit
druid.maul,Maul,druid,shape_shifting,5,historical_revalidation_required,not_implemented,manifest_audit
druid.rabies,Rabies,druid,shape_shifting,6,historical_revalidation_required,not_implemented,manifest_audit
druid.fire_claws,Fire Claws,druid,shape_shifting,7,historical_revalidation_required,not_implemented,manifest_audit
druid.hunger,Hunger,druid,shape_shifting,8,historical_revalidation_required,not_implemented,manifest_audit
druid.shock_wave,Shock Wave,druid,shape_shifting,9,historical_revalidation_required,not_implemented,manifest_audit
druid.fury,Fury,druid,shape_shifting,10,historical_revalidation_required,not_implemented,manifest_audit
druid.raven,Raven,druid,summoning,1,historical_revalidation_required,not_implemented,manifest_audit
druid.poison_creeper,Poison Creeper,druid,summoning,2,historical_revalidation_required,not_implemented,manifest_audit
druid.oak_sage,Oak Sage,druid,summoning,3,historical_revalidation_required,not_implemented,manifest_audit
druid.summon_spirit_wolf,Summon Spirit Wolf,druid,summoning,4,historical_revalidation_required,not_implemented,manifest_audit
druid.carrion_vine,Carrion Vine,druid,summoning,5,historical_revalidation_required,not_implemented,manifest_audit
druid.heart_of_wolverine,Heart of Wolverine,druid,summoning,6,historical_revalidation_required,not_implemented,manifest_audit
druid.summon_dire_wolf,Summon Dire Wolf,druid,summoning,7,historical_revalidation_required,not_implemented,manifest_audit
druid.solar_creeper,Solar Creeper,druid,summoning,8,historical_revalidation_required,not_implemented,manifest_audit
druid.spirit_of_barbs,Spirit of Barbs,druid,summoning,9,historical_revalidation_required,not_implemented,manifest_audit
druid.summon_grizzly,Summon Grizzly,druid,summoning,10,historical_revalidation_required,not_implemented,manifest_audit
necromancer.skeleton_mastery,Skeleton Mastery,necromancer,summoning,1,historical_revalidation_required,not_implemented,manifest_audit
necromancer.raise_skeleton,Raise Skeleton,necromancer,summoning,2,historical_revalidation_required,not_implemented,manifest_audit
necromancer.clay_golem,Clay Golem,necromancer,summoning,3,historical_revalidation_required,not_implemented,manifest_audit
necromancer.golem_mastery,Golem Mastery,necromancer,summoning,4,historical_revalidation_required,not_implemented,manifest_audit
necromancer.raise_skeletal_mage,Raise Skeletal Mage,necromancer,summoning,5,historical_revalidation_required,not_implemented,manifest_audit
necromancer.blood_golem,Blood Golem,necromancer,summoning,6,historical_revalidation_required,not_implemented,manifest_audit
necromancer.summon_resist,Summon Resist,necromancer,summoning,7,historical_revalidation_required,not_implemented,manifest_audit
necromancer.iron_golem,Iron Golem,necromancer,summoning,8,historical_revalidation_required,not_implemented,manifest_audit
necromancer.fire_golem,Fire Golem,necromancer,summoning,9,historical_revalidation_required,not_implemented,manifest_audit
necromancer.revive,Revive,necromancer,summoning,10,historical_revalidation_required,not_implemented,manifest_audit
necromancer.teeth,Teeth,necromancer,poison_and_bone,1,historical_revalidation_required,not_implemented,manifest_audit
necromancer.bone_armor,Bone Armor,necromancer,poison_and_bone,2,historical_revalidation_required,not_implemented,manifest_audit
necromancer.poison_dagger,Poison Dagger,necromancer,poison_and_bone,3,historical_revalidation_required,not_implemented,manifest_audit
necromancer.corpse_explosion,Corpse Explosion,necromancer,poison_and_bone,4,historical_revalidation_required,not_implemented,manifest_audit
necromancer.bone_wall,Bone Wall,necromancer,poison_and_bone,5,historical_revalidation_required,not_implemented,manifest_audit
necromancer.poison_explosion,Poison Explosion,necromancer,poison_and_bone,6,historical_revalidation_required,not_implemented,manifest_audit
necromancer.bone_spear,Bone Spear,necromancer,poison_and_bone,7,historical_revalidation_required,not_implemented,manifest_audit
necromancer.bone_prison,Bone Prison,necromancer,poison_and_bone,8,historical_revalidation_required,not_implemented,manifest_audit
necromancer.poison_nova,Poison Nova,necromancer,poison_and_bone,9,historical_revalidation_required,not_implemented,manifest_audit
necromancer.bone_spirit,Bone Spirit,necromancer,poison_and_bone,10,historical_revalidation_required,not_implemented,manifest_audit
necromancer.amplify_damage,Amplify Damage,necromancer,curses,1,historical_revalidation_required,not_implemented,manifest_audit
necromancer.dim_vision,Dim Vision,necromancer,curses,2,historical_revalidation_required,not_implemented,manifest_audit
necromancer.weaken,Weaken,necromancer,curses,3,historical_revalidation_required,not_implemented,manifest_audit
necromancer.iron_maiden,Iron Maiden,necromancer,curses,4,historical_revalidation_required,not_implemented,manifest_audit
necromancer.terror,Terror,necromancer,curses,5,historical_revalidation_required,not_implemented,manifest_audit
necromancer.confuse,Confuse,necromancer,curses,6,historical_revalidation_required,not_implemented,manifest_audit
necromancer.life_tap,Life Tap,necromancer,curses,7,historical_revalidation_required,not_implemented,manifest_audit
necromancer.attract,Attract,necromancer,curses,8,historical_revalidation_required,not_implemented,manifest_audit
necromancer.decrepify,Decrepify,necromancer,curses,9,historical_revalidation_required,not_implemented,manifest_audit
necromancer.lower_resist,Lower Resist,necromancer,curses,10,historical_revalidation_required,not_implemented,manifest_audit
paladin.sacrifice,Sacrifice,paladin,combat_skills,1,historical_revalidation_required,not_implemented,manifest_audit
paladin.smite,Smite,paladin,combat_skills,2,historical_revalidation_required,not_implemented,manifest_audit
paladin.holy_bolt,Holy Bolt,paladin,combat_skills,3,historical_revalidation_required,not_implemented,manifest_audit
paladin.zeal,Zeal,paladin,combat_skills,4,historical_revalidation_required,not_implemented,manifest_audit
paladin.charge,Charge,paladin,combat_skills,5,historical_revalidation_required,not_implemented,manifest_audit
paladin.vengeance,Vengeance,paladin,combat_skills,6,historical_revalidation_required,not_implemented,manifest_audit
paladin.blessed_hammer,Blessed Hammer,paladin,combat_skills,7,historical_revalidation_required,not_implemented,manifest_audit
paladin.conversion,Conversion,paladin,combat_skills,8,historical_revalidation_required,not_implemented,manifest_audit
paladin.holy_shield,Holy Shield,paladin,combat_skills,9,historical_revalidation_required,not_implemented,manifest_audit
paladin.fist_of_the_heavens,Fist of the Heavens,paladin,combat_skills,10,historical_revalidation_required,not_implemented,manifest_audit
paladin.might,Might,paladin,offensive_auras,1,historical_revalidation_required,not_implemented,manifest_audit
paladin.holy_fire,Holy Fire,paladin,offensive_auras,2,historical_revalidation_required,not_implemented,manifest_audit
paladin.thorns,Thorns,paladin,offensive_auras,3,historical_revalidation_required,not_implemented,manifest_audit
paladin.blessed_aim,Blessed Aim,paladin,offensive_auras,4,historical_revalidation_required,not_implemented,manifest_audit
paladin.concentration,Concentration,paladin,offensive_auras,5,historical_revalidation_required,not_implemented,manifest_audit
paladin.holy_freeze,Holy Freeze,paladin,offensive_auras,6,historical_revalidation_required,not_implemented,manifest_audit
paladin.holy_shock,Holy Shock,paladin,offensive_auras,7,historical_revalidation_required,not_implemented,manifest_audit
paladin.sanctuary,Sanctuary,paladin,offensive_auras,8,historical_revalidation_required,not_implemented,manifest_audit
paladin.fanaticism,Fanaticism,paladin,offensive_auras,9,historical_revalidation_required,not_implemented,manifest_audit
paladin.conviction,Conviction,paladin,offensive_auras,10,historical_revalidation_required,not_implemented,manifest_audit
paladin.prayer,Prayer,paladin,defensive_auras,1,historical_revalidation_required,not_implemented,manifest_audit
paladin.resist_fire,Resist Fire,paladin,defensive_auras,2,historical_revalidation_required,not_implemented,manifest_audit
paladin.defiance,Defiance,paladin,defensive_auras,3,historical_revalidation_required,not_implemented,manifest_audit
paladin.resist_cold,Resist Cold,paladin,defensive_auras,4,historical_revalidation_required,not_implemented,manifest_audit
paladin.cleansing,Cleansing,paladin,defensive_auras,5,historical_revalidation_required,not_implemented,manifest_audit
paladin.resist_lightning,Resist Lightning,paladin,defensive_auras,6,historical_revalidation_required,not_implemented,manifest_audit
paladin.vigor,Vigor,paladin,defensive_auras,7,historical_revalidation_required,not_implemented,manifest_audit
paladin.meditation,Meditation,paladin,defensive_auras,8,historical_revalidation_required,not_implemented,manifest_audit
paladin.redemption,Redemption,paladin,defensive_auras,9,historical_revalidation_required,not_implemented,manifest_audit
paladin.salvation,Salvation,paladin,defensive_auras,10,historical_revalidation_required,not_implemented,manifest_audit
sorceress.fire_bolt,Fire Bolt,sorceress,fire,1,historical_revalidation_required,not_implemented,manifest_audit
sorceress.warmth,Warmth,sorceress,fire,2,historical_revalidation_required,not_implemented,manifest_audit
sorceress.inferno,Inferno,sorceress,fire,3,historical_revalidation_required,not_implemented,manifest_audit
sorceress.blaze,Blaze,sorceress,fire,4,historical_revalidation_required,not_implemented,manifest_audit
sorceress.fire_ball,Fire Ball,sorceress,fire,5,historical_revalidation_required,not_implemented,manifest_audit
sorceress.fire_wall,Fire Wall,sorceress,fire,6,historical_revalidation_required,not_implemented,manifest_audit
sorceress.enchant,Enchant,sorceress,fire,7,historical_revalidation_required,not_implemented,manifest_audit
sorceress.meteor,Meteor,sorceress,fire,8,historical_revalidation_required,not_implemented,manifest_audit
sorceress.fire_mastery,Fire Mastery,sorceress,fire,9,historical_revalidation_required,not_implemented,manifest_audit
sorceress.hydra,Hydra,sorceress,fire,10,historical_revalidation_required,not_implemented,manifest_audit
sorceress.ice_bolt,Ice Bolt,sorceress,cold,1,historical_revalidation_required,not_implemented,manifest_audit
sorceress.frozen_armor,Frozen Armor,sorceress,cold,2,historical_revalidation_required,not_implemented,manifest_audit
sorceress.frost_nova,Frost Nova,sorceress,cold,3,historical_revalidation_required,not_implemented,manifest_audit
sorceress.ice_blast,Ice Blast,sorceress,cold,4,historical_revalidation_required,not_implemented,manifest_audit
sorceress.shiver_armor,Shiver Armor,sorceress,cold,5,historical_revalidation_required,not_implemented,manifest_audit
sorceress.glacial_spike,Glacial Spike,sorceress,cold,6,historical_revalidation_required,not_implemented,manifest_audit
sorceress.blizzard,Blizzard,sorceress,cold,7,historical_revalidation_required,not_implemented,manifest_audit
sorceress.chilling_armor,Chilling Armor,sorceress,cold,8,historical_revalidation_required,not_implemented,manifest_audit
sorceress.frozen_orb,Frozen Orb,sorceress,cold,9,historical_revalidation_required,not_implemented,manifest_audit
sorceress.cold_mastery,Cold Mastery,sorceress,cold,10,historical_revalidation_required,not_implemented,manifest_audit
sorceress.charged_bolt,Charged Bolt,sorceress,lightning,1,historical_revalidation_required,not_implemented,manifest_audit
sorceress.static_field,Static Field,sorceress,lightning,2,historical_revalidation_required,not_implemented,manifest_audit
sorceress.telekinesis,Telekinesis,sorceress,lightning,3,historical_revalidation_required,not_implemented,manifest_audit
sorceress.nova,Nova,sorceress,lightning,4,historical_revalidation_required,not_implemented,manifest_audit
sorceress.lightning,Lightning,sorceress,lightning,5,historical_revalidation_required,not_implemented,manifest_audit
sorceress.chain_lightning,Chain Lightning,sorceress,lightning,6,historical_revalidation_required,not_implemented,manifest_audit
sorceress.teleport,Teleport,sorceress,lightning,7,historical_revalidation_required,not_implemented,manifest_audit
sorceress.thunder_storm,Thunder Storm,sorceress,lightning,8,historical_revalidation_required,not_implemented,manifest_audit
sorceress.energy_shield,Energy Shield,sorceress,lightning,9,historical_revalidation_required,not_implemented,manifest_audit
sorceress.lightning_mastery,Lightning Mastery,sorceress,lightning,10,historical_revalidation_required,not_implemented,manifest_audit
warlock.sigil_lethargy,Sigil: Lethargy,warlock,chaos,unknown,official_patch_3_2,not_implemented,manifest_audit
warlock.ring_of_fire,Ring of Fire,warlock,chaos,unknown,official_patch_3_2,not_implemented,manifest_audit
warlock.flame_wave,Flame Wave,warlock,chaos,unknown,official_patch_3_2,not_implemented,manifest_audit
warlock.apocalypse,Apocalypse,warlock,chaos,unknown,official_patch_3_2,not_implemented,manifest_audit
warlock.miasma_bolt,Miasma Bolt,warlock,chaos,unknown,official_patch_3_2,not_implemented,manifest_audit
warlock.miasma_chains,Miasma Chains,warlock,chaos,unknown,official_patch_3_2,not_implemented,manifest_audit
warlock.enhanced_entropy,Enhanced Entropy,warlock,chaos,unknown,official_patch_3_2,not_implemented,manifest_audit
warlock.abyss,Abyss,warlock,chaos,unknown,official_patch_3_2,not_implemented,manifest_audit
warlock.sigil_death,Sigil: Death,warlock,chaos,unknown,official_patch_3_3,not_implemented,manifest_audit
warlock.hex_bane,Hex: Bane,warlock,eldritch,unknown,official_patch_3_2,not_implemented,manifest_audit
warlock.cleave,Cleave,warlock,eldritch,unknown,official_patch_3_2,not_implemented,manifest_audit
warlock.echoing_strike,Echoing Strike,warlock,eldritch,unknown,official_patch_3_2,not_implemented,manifest_audit
warlock.eldritch_blast,Eldritch Blast,warlock,eldritch,unknown,official_patch_3_2,not_implemented,manifest_audit
warlock.mirrored_blades,Mirrored Blades,warlock,eldritch,unknown,official_patch_3_2,not_implemented,manifest_audit
warlock.blade_warp,Blade Warp,warlock,eldritch,unknown,official_patch_3_2,not_implemented,manifest_audit
warlock.summon_tainted,Summon Tainted,warlock,demon,unknown,official_patch_3_2,not_implemented,manifest_audit
warlock.bind_demon,Bind Demon,warlock,demon,unknown,official_patch_3_2,not_implemented,manifest_audit
warlock.blood_boil,Blood Boil,warlock,demon,unknown,official_patch_3_2,not_implemented,manifest_audit
warlock.engorge,Engorge,warlock,demon,unknown,official_patch_3_2,not_implemented,manifest_audit
warlock.demonic_mastery,Demonic Mastery,warlock,demon,unknown,official_patch_3_2,not_implemented,manifest_audit
warlock.blood_oath,Blood Oath,warlock,demon,unknown,official_patch_3_2,not_implemented,manifest_audit
warlock.consume,Consume,warlock,demon,unknown,official_patch_3_2,not_implemented,manifest_audit
